method,mean_abs_feature_zscore
COVAS,0.7636611108155872
LOF,0.8980551001294217
Feature z-score,0.9275041615922419
