method,mean_abs_feature_zscore
COVAS,0.8927058054675527
LOF,1.553560545874952
Feature z-score,1.729779533244687
